<?xml version="1.0" encoding="UTF-8"?>
<GenRun Id="synth_1" LaunchPart="xc7z020clg400-1" LaunchTime="1638889278">
  <File Type="PA-TCL" Name="design_1_wrapper.tcl"/>
  <File Type="RDS-PROPCONSTRS" Name="design_1_wrapper_drc_synth.rpt"/>
  <File Type="REPORTS-TCL" Name="design_1_wrapper_reports.tcl"/>
  <File Type="RDS-RDS" Name="design_1_wrapper.vds"/>
  <File Type="RDS-UTIL" Name="design_1_wrapper_utilization_synth.rpt"/>
  <File Type="RDS-UTIL-PB" Name="design_1_wrapper_utilization_synth.pb"/>
  <File Type="RDS-DCP" Name="design_1_wrapper.dcp"/>
  <File Type="VDS-TIMINGSUMMARY" Name="design_1_wrapper_timing_summary_synth.rpt"/>
  <File Type="VDS-TIMING-PB" Name="design_1_wrapper_timing_summary_synth.pb"/>
  <FileSet Name="sources" Type="DesignSrcs" RelSrcDir="$PSRCDIR/sources_1">
    <Filter Type="Srcs"/>
    <File Path="$PSRCDIR/sources_1/imports/new/VGA_timings.v">
      <FileInfo>
        <Attr Name="ImportPath" Val="$PPRDIR/../Working_Lab_2/Working_Lab_2.srcs/sources_1/new/VGA_timings.v"/>
        <Attr Name="ImportTime" Val="1634747098"/>
        <Attr Name="UsedIn" Val="synthesis"/>
        <Attr Name="UsedIn" Val="implementation"/>
        <Attr Name="UsedIn" Val="simulation"/>
      </FileInfo>
    </File>
    <File Path="$PSRCDIR/sources_1/imports/new/VGA_pattern.v">
      <FileInfo>
        <Attr Name="ImportPath" Val="$PPRDIR/../Working_Lab_2/Working_Lab_2.srcs/sources_1/new/VGA_pattern.v"/>
        <Attr Name="ImportTime" Val="1636224889"/>
        <Attr Name="UsedIn" Val="synthesis"/>
        <Attr Name="UsedIn" Val="implementation"/>
        <Attr Name="UsedIn" Val="simulation"/>
      </FileInfo>
    </File>
    <File Path="$PSRCDIR/sources_1/new/AsciiCharsMem.v">
      <FileInfo>
        <Attr Name="UsedIn" Val="synthesis"/>
        <Attr Name="UsedIn" Val="implementation"/>
        <Attr Name="UsedIn" Val="simulation"/>
      </FileInfo>
    </File>
    <File Path="$PSRCDIR/sources_1/imports/new/Debounce_Switch.v">
      <FileInfo>
        <Attr Name="ImportPath" Val="$PPRDIR/../Working_Lab_2/Working_Lab_2.srcs/sources_1/new/Debounce_Switch.v"/>
        <Attr Name="ImportTime" Val="1637932031"/>
        <Attr Name="UsedIn" Val="synthesis"/>
        <Attr Name="UsedIn" Val="implementation"/>
        <Attr Name="UsedIn" Val="simulation"/>
      </FileInfo>
    </File>
    <File Path="$PSRCDIR/sources_1/new/ScreenBufferMem.v">
      <FileInfo>
        <Attr Name="UsedIn" Val="synthesis"/>
        <Attr Name="UsedIn" Val="implementation"/>
        <Attr Name="UsedIn" Val="simulation"/>
      </FileInfo>
    </File>
    <File Path="$PSRCDIR/sources_1/imports/new/num_capture_4bit.v">
      <FileInfo>
        <Attr Name="ImportPath" Val="$PPRDIR/../Working_Lab_2/Working_Lab_2.srcs/sources_1/new/num_capture_4bit.v"/>
        <Attr Name="ImportTime" Val="1638199126"/>
        <Attr Name="UsedIn" Val="synthesis"/>
        <Attr Name="UsedIn" Val="implementation"/>
        <Attr Name="UsedIn" Val="simulation"/>
      </FileInfo>
    </File>
    <File Path="$PSRCDIR/sources_1/bd/design_1/design_1.bd">
      <FileInfo>
        <Attr Name="UsedIn" Val="synthesis"/>
        <Attr Name="UsedIn" Val="implementation"/>
        <Attr Name="UsedIn" Val="simulation"/>
      </FileInfo>
    </File>
    <File Path="$PSRCDIR/sources_1/bd/design_1/hdl/design_1_wrapper.v">
      <FileInfo>
        <Attr Name="UsedIn" Val="synthesis"/>
        <Attr Name="UsedIn" Val="implementation"/>
        <Attr Name="UsedIn" Val="simulation"/>
      </FileInfo>
    </File>
    <File Path="$PSRCDIR/sources_1/imports/Downloads/chars.mem">
      <FileInfo>
        <Attr Name="ImportPath" Val="$PPRDIR/../../../Downloads/chars.mem"/>
        <Attr Name="ImportTime" Val="1636220945"/>
        <Attr Name="UsedIn" Val="synthesis"/>
        <Attr Name="UsedIn" Val="simulation"/>
      </FileInfo>
    </File>
    <File Path="$PSRCDIR/sources_1/imports/Downloads/hello_world.mem">
      <FileInfo>
        <Attr Name="ImportPath" Val="$PPRDIR/../../../Downloads/hello_world.mem"/>
        <Attr Name="ImportTime" Val="1636220946"/>
        <Attr Name="UsedIn" Val="synthesis"/>
        <Attr Name="UsedIn" Val="simulation"/>
      </FileInfo>
    </File>
    <File Path="$PSRCDIR/sources_1/imports/Downloads/image.mem">
      <FileInfo>
        <Attr Name="ImportPath" Val="$PPRDIR/../../../Downloads/image.mem"/>
        <Attr Name="ImportTime" Val="1635508243"/>
        <Attr Name="UsedIn" Val="synthesis"/>
        <Attr Name="UsedIn" Val="simulation"/>
      </FileInfo>
    </File>
    <Config>
      <Option Name="DesignMode" Val="RTL"/>
      <Option Name="TopModule" Val="design_1_wrapper"/>
    </Config>
  </FileSet>
  <FileSet Name="constrs_in" Type="Constrs" RelSrcDir="$PSRCDIR/constrs_1">
    <Filter Type="Constrs"/>
    <File Path="$PSRCDIR/constrs_1/imports/pynq-z2_v1.0.xdc/PYNQ-Z2 v1.0.xdc">
      <FileInfo>
        <Attr Name="ImportPath" Val="$PPRDIR/../../../Downloads/pynq-z2_v1.0.xdc/PYNQ-Z2 v1.0.xdc"/>
        <Attr Name="ImportTime" Val="1634544473"/>
        <Attr Name="UsedIn" Val="synthesis"/>
        <Attr Name="UsedIn" Val="implementation"/>
      </FileInfo>
    </File>
    <Config>
      <Option Name="ConstrsType" Val="XDC"/>
    </Config>
  </FileSet>
  <FileSet Name="utils" Type="Utils" RelSrcDir="$PSRCDIR/utils_1">
    <Filter Type="Utils"/>
    <Config>
      <Option Name="TopAutoSet" Val="TRUE"/>
    </Config>
  </FileSet>
  <Strategy Version="1" Minor="2">
    <StratHandle Name="Vivado Synthesis Defaults" Flow="Vivado Synthesis 2020"/>
    <Step Id="synth_design"/>
  </Strategy>
  <BlockFileSet Type="BlockSrcs" Name="design_1_Debounce_Switch_1_0"/>
  <BlockFileSet Type="BlockSrcs" Name="design_1_clk_wiz_0_0"/>
  <BlockFileSet Type="BlockSrcs" Name="design_1_VGA_timings_0_0"/>
  <BlockFileSet Type="BlockSrcs" Name="design_1_Debounce_Switch_0_0"/>
  <BlockFileSet Type="BlockSrcs" Name="design_1_VGA_pattern_0_0"/>
  <BlockFileSet Type="BlockSrcs" Name="design_1_num_capture_4bit_0_0"/>
  <BlockFileSet Type="BlockSrcs" Name="design_1_ScreenBufferMem_0_0"/>
  <BlockFileSet Type="BlockSrcs" Name="design_1_AsciiCharsMem_0_0"/>
  <BlockFileSet Type="BlockSrcs" Name="design_1_Debounce_Switch_1_1"/>
  <BlockFileSet Type="BlockSrcs" Name="design_1_Debounce_Switch_2_0"/>
  <BlockFileSet Type="BlockSrcs" Name="design_1_Debounce_Switch_3_0"/>
</GenRun>
