<?xml version="1.0"?>
<Runs Version="1" Minor="0">
	<Run Id="design_1_VGA_pattern_0_0_synth_1" LaunchDir="C:/Users/Student/Desktop/DDC_Lab/Final/Final.runs/design_1_VGA_pattern_0_0_synth_1" FlowId="Vivado_Synthesis" FromStepId="vivado" ToStepId="vivado"/>
	<Run Id="design_1_VGA_timings_0_0_synth_1" LaunchDir="C:/Users/Student/Desktop/DDC_Lab/Final/Final.runs/design_1_VGA_timings_0_0_synth_1" FlowId="Vivado_Synthesis" FromStepId="vivado" ToStepId="vivado"/>
	<Run Id="design_1_AsciiCharsMem_0_0_synth_1" LaunchDir="C:/Users/Student/Desktop/DDC_Lab/Final/Final.runs/design_1_AsciiCharsMem_0_0_synth_1" FlowId="Vivado_Synthesis" FromStepId="vivado" ToStepId="vivado"/>
	<Run Id="design_1_Debounce_Switch_0_0_synth_1" LaunchDir="C:/Users/Student/Desktop/DDC_Lab/Final/Final.runs/design_1_Debounce_Switch_0_0_synth_1" FlowId="Vivado_Synthesis" FromStepId="vivado" ToStepId="vivado"/>
	<Run Id="design_1_Debounce_Switch_1_0_synth_1" LaunchDir="C:/Users/Student/Desktop/DDC_Lab/Final/Final.runs/design_1_Debounce_Switch_1_0_synth_1" FlowId="Vivado_Synthesis" FromStepId="vivado" ToStepId="vivado"/>
	<Run Id="design_1_ScreenBufferMem_0_0_synth_1" LaunchDir="C:/Users/Student/Desktop/DDC_Lab/Final/Final.runs/design_1_ScreenBufferMem_0_0_synth_1" FlowId="Vivado_Synthesis" FromStepId="vivado" ToStepId="vivado"/>
	<Run Id="design_1_num_capture_4bit_0_0_synth_1" LaunchDir="C:/Users/Student/Desktop/DDC_Lab/Final/Final.runs/design_1_num_capture_4bit_0_0_synth_1" FlowId="Vivado_Synthesis" FromStepId="vivado" ToStepId="vivado"/>
	<Run Id="design_1_clk_wiz_0_0_synth_1" LaunchDir="C:/Users/Student/Desktop/DDC_Lab/Final/Final.runs/design_1_clk_wiz_0_0_synth_1" FlowId="Vivado_Synthesis" FromStepId="vivado" ToStepId="vivado"/>
	<Parameters>
		<Parameter Name="runs.monitorLSFJobs" Val="true" Type="bool"/>
		<Parameter Name="runs.enableClusterConf" Val="true" Type="bool"/>
	</Parameters>
</Runs>

