<?xml version="1.0"?>
<Runs Version="1" Minor="0">
	<Run Id="design_1_VGA_pattern_0_0_synth_1" LaunchDir="C:/Users/Student/Desktop/DDC_Lab/Final/Final.runs/design_1_VGA_pattern_0_0_synth_1" FlowId="Vivado_Synthesis" FromStepId="vivado" ToStepId="vivado"/>
	<Run Id="design_1_num_capture_4bit_0_0_synth_1" LaunchDir="C:/Users/Student/Desktop/DDC_Lab/Final/Final.runs/design_1_num_capture_4bit_0_0_synth_1" FlowId="Vivado_Synthesis" FromStepId="vivado" ToStepId="vivado"/>
	<Run Id="design_1_Debounce_Switch_3_0_synth_1" LaunchDir="C:/Users/Student/Desktop/DDC_Lab/Final/Final.runs/design_1_Debounce_Switch_3_0_synth_1" FlowId="Vivado_Synthesis" FromStepId="vivado" ToStepId="vivado"/>
	<Run Id="synth_1" LaunchDir="C:/Users/Student/Desktop/DDC_Lab/Final/Final.runs/synth_1" FlowId="Vivado_Synthesis" FromStepId="vivado" ToStepId="vivado">
		<Parent Id="design_1_VGA_pattern_0_0_synth_1"/>
		<Parent Id="design_1_num_capture_4bit_0_0_synth_1"/>
		<Parent Id="design_1_Debounce_Switch_3_0_synth_1"/>
	</Run>
	<Run Id="impl_1" LaunchDir="C:/Users/Student/Desktop/DDC_Lab/Final/Final.runs/impl_1" FlowId="Vivado_Implementation" FromStepId="init_design" ToStepId="write_bitstream">
		<Parent Id="synth_1"/>
		<Parent Id="design_1_VGA_pattern_0_0_synth_1"/>
		<Parent Id="design_1_num_capture_4bit_0_0_synth_1"/>
		<Parent Id="design_1_Debounce_Switch_3_0_synth_1"/>
	</Run>
	<Parameters>
		<Parameter Name="runs.monitorLSFJobs" Val="true" Type="bool"/>
		<Parameter Name="runs.enableClusterConf" Val="true" Type="bool"/>
	</Parameters>
</Runs>

